"client_code_client";"client_pro_part";"client_societe_nom";"client_societe_adresse";"client_societe_cp";"client_societe_ville";"client_contact_nom";"client_contact_prenom";"client_coefficient";"client_cond_paie";"client_encours";"client_observations";"client_liv_adresse";"client_liv_cp";"client_liv_ville";"client_liv_contact_nom";"client_liv_contact_tel";"client_liv_contact_mail";"client_fact_adresse";"client_fact_cp";"client_fact_ville";"client_fact_contact_nom";"client_fact_contact_tel";"client_fact_contact_mail";"commercial_code"
"1";"HUY77ORS1HF";"SOH18EHX8PL";"ZKB15GSI8VW";"0";"VOH68EFO4IC";"Henry Workman";"Branden Blankenship";NULL;NULL;NULL;NULL;"228-4584 Proin Street";"3";"IJE25UGC0LM";"Fleur Murphy";NULL;"aliquam@protonmail.couk";"684-1886 Adipiscing Street";"5";"VGT86RFC4IN";"Scarlett Goodman";NULL;"lacinia@hotmail.org";"6"
"2";"UOT48GET5AT";"VEE94WFQ0GU";"THT90TQH6LC";"2";"PER48WCO6GP";"Alana Cobb";"Candace Flores";NULL;NULL;NULL;NULL;"Ap #275-8553 Curabitur Street";"4";"UCL68YZX1SZ";"Joelle Dunlap";NULL;"at@icloud.org";"337-1089 Sed Av.";"3";"VQF23GYK6NT";"Igor Hobbs";NULL;"a.purus.duis@icloud.com";"9"
"3";"TNP77ROH9CP";"UHV18ZGP6QB";"WHR43VRY5MF";"1";"POF46OGQ6QQ";"Arsenio Durham";"Jolie Dudley";NULL;NULL;NULL;NULL;"2554 Orci St.";"1";"GEU48NST3HS";"Josiah Church";NULL;"ullamcorper.magna@icloud.edu";"Ap #633-3339 Dolor Ave";"4";"TSE82GOY6BH";"Eugenia Mercado";NULL;"id.blandit@yahoo.org";"2"
"4";"QRD46FFH9VB";"YOZ33DLD8IW";"VPB77NFO6GL";"3";"MYG18AVO1FI";"Kieran Coleman";"Sara Carey";NULL;NULL;NULL;NULL;"Ap #971-4864 At St.";"3";"USP12XBU8DJ";"Buckminster Montgomery";NULL;"ad@yahoo.net";"Ap #334-4314 Nec St.";"1";"WPU22UUP1AW";"Ulric Parsons";NULL;"eu@yahoo.couk";"8"
"5";"NHE96OAW4GI";"MUM03HIE7NJ";"HBK32JPU5PR";"0";"TMU89NVR2KX";"Damon Bryant";"Odysseus Stevenson";NULL;NULL;NULL;NULL;"3182 Nec St.";"2";"BUP54HGJ7BV";"Neil Chavez";NULL;"laoreet.lectus@yahoo.ca";"Ap #233-8573 In, Av.";"2";"RIB51MPY2EG";"Ciara Hatfield";NULL;"ultricies@icloud.org";"2"
"6";"RYH19TWI8TF";"DXL85KCZ2WS";"CHM39XNH3UX";"4";"EVL77ZZE1UX";"Philip Mcconnell";"Sonya Walsh";NULL;NULL;NULL;NULL;"6687 Sit St.";"1";"XRM42XKN8JT";"Hakeem Flowers";NULL;"mollis@hotmail.edu";"9768 Euismod Avenue";"1";"RCT62MUQ8MC";"Maggie Byers";NULL;"amet.diam.eu@icloud.org";"5"
"7";"ZSR25GBI5BQ";"GXV71PIJ7EK";"ECV89IDJ0FW";"4";"ISI36QDS1EU";"Yasir Waller";"Kasimir Conrad";NULL;NULL;NULL;NULL;"9664 Sed Av.";"3";"LYL43JNZ5NQ";"Mark Mercado";NULL;"nullam.feugiat.placerat@yahoo.com";"797-5597 Auctor St.";"5";"UKN66CTW4IF";"Galena Hester";NULL;"luctus.vulputate@hotmail.couk";"4"
"8";"SZX46VEX1MI";"YGE13GNG6BL";"DMT42YJY6JZ";"3";"PNB95PLS6WG";"Naida Caldwell";"Hu Brennan";NULL;NULL;NULL;NULL;"249-2976 Molestie Ave";"5";"MRG52QKF6RP";"Caesar Conway";NULL;"dignissim.magna@yahoo.edu";"Ap #930-9450 Mi Av.";"1";"WDP59IEG7OL";"Deacon Boyle";NULL;"ipsum.phasellus.vitae@aol.ca";"5"
"9";"FCI06MJX3FY";"GVV45CBS7FC";"JSI77YPO1QC";"0";"ESU26UPV6OA";"Brenda Duncan";"Leonard Rosa";NULL;NULL;NULL;NULL;"807-6998 Integer Rd.";"1";"DPH25POT1VM";"Ferdinand Ruiz";NULL;"quis.turpis@outlook.couk";"Ap #332-1941 Dolor Rd.";"1";"NNK55SEL3UM";"Plato Peterson";NULL;"nisi@outlook.org";"7"
"10";"SUE84GNT5OP";"ACY38GZI8FV";"SGO18WDS2KG";"3";"NMT25TFJ9LD";"Daniel Koch";"Colleen Fischer";NULL;NULL;NULL;NULL;"Ap #383-722 Aliquet. Ave";"3";"LNJ70XEJ2HG";"Marshall Christensen";NULL;"fermentum@google.net";"5846 Lectus Rd.";"5";"NMU97QMY9EC";"Jade Vinson";NULL;"cursus@yahoo.org";"8"
"11";"GTM13RRJ0OB";"HOY72MBE2HH";"IOB32BCD6MS";"2";"QYF60CHH5DH";"Guy Frye";"Todd English";NULL;NULL;NULL;NULL;"P.O. Box 705, 2630 Ornare Rd.";"2";"IYR28FIY5JH";"Moana William";NULL;"mollis.lectus.pede@outlook.edu";"Ap #317-4223 Dictum. Av.";"3";"XIM73JJV9XX";"Sonya Knox";NULL;"tincidunt.pede@google.net";"8"
"12";"HMH48EAX6JK";"TBY56UVS2EK";"KCJ58YPY6TL";"3";"PDO75PSW7GF";"Jaquelyn Hutchinson";"Hashim Morris";NULL;NULL;NULL;NULL;"171-4074 Ac Street";"2";"XDF56PTH0GY";"Noelani Tran";NULL;"massa.suspendisse@aol.ca";"P.O. Box 186, 564 Magna. Rd.";"2";"VMQ17HXE2AC";"Holmes Burch";NULL;"vitae@yahoo.couk";"9"
"13";"HWH65IPQ7BW";"HFL83EJQ3BB";"HDK63RIJ4MJ";"2";"KRD10DDM6NS";"Ingrid Simon";"Brittany Davenport";NULL;NULL;NULL;NULL;"8560 Eu St.";"3";"JSF97GEI7SJ";"Merritt O'donnell";NULL;"vulputate.dui.nec@protonmail.edu";"Ap #665-9103 Ante St.";"5";"XVJ71IIY5EW";"Graham Savage";NULL;"orci@aol.couk";"5"
"14";"RTV64JIZ6IP";"WCK52HWP5EO";"BSR81EOJ4ZQ";"0";"FWY16UVE2VW";"Audrey Wall";"Sybill Cross";NULL;NULL;NULL;NULL;"6748 Luctus Street";"3";"LCH65LIP3LT";"Faith Hamilton";NULL;"cursus.diam@aol.couk";"Ap #764-5988 Mus. Ave";"3";"EQE82QLF7MA";"Fiona Best";NULL;"luctus.lobortis.class@protonmail.edu";"4"
"15";"REX46SHP1FI";"JGW82LRW1KN";"BHI64HUE5NW";"1";"TSH48DQJ1GB";"Ursa Hopper";"Emerson Kane";NULL;NULL;NULL;NULL;"749-2611 Mauris St.";"2";"URC21GLB1QC";"Alyssa Monroe";NULL;"duis.volutpat@google.net";"987-9070 Taciti Rd.";"2";"GKT48VVY6HR";"Samson Booker";NULL;"ipsum.primis@protonmail.edu";"3"
"16";"MPC16YCL9RX";"YEJ13YUJ6TH";"FTS05PED8BA";"1";"UDQ62KBI4FQ";"Molly Watson";"Dennis Kramer";NULL;NULL;NULL;NULL;"P.O. Box 798, 5597 Egestas Avenue";"1";"KNB63CNK1MN";"Remedios Tucker";NULL;"nulla@icloud.couk";"7935 Vitae St.";"3";"XBB71JKF5ES";"Nathaniel Moore";NULL;"praesent.eu@protonmail.net";"6"
"17";"GSH81LNA4UH";"GUK17WLH2UP";"CWZ86RGP1DL";"3";"OXV25PMW1NE";"Keiko Burt";"Dexter Pate";NULL;NULL;NULL;NULL;"Ap #113-8480 Dapibus Street";"1";"SUN62OKK4OX";"Morgan Doyle";NULL;"cubilia.curae@yahoo.couk";"Ap #513-3465 Eu Avenue";"1";"TDT97MZJ6IK";"Amethyst Manning";NULL;"vitae.aliquet.nec@google.net";"9"
"18";"VIP66GPU5UB";"XGG93URL5XD";"FJG15CZR5YI";"2";"FCO28RRR7MU";"Tana England";"Lacey Knight";NULL;NULL;NULL;NULL;"9166 Quam. Road";"3";"TPP03JXF1BR";"Aiko Bennett";NULL;"cursus@outlook.ca";"496-8448 Quam, Rd.";"0";"EDT95CIZ7XM";"Ashely Harmon";NULL;"sapien.nunc.pulvinar@google.com";"7"
"19";"ZRM81LET2SU";"OMC24NEU7DX";"ZVH37RUO5XO";"3";"KMC47KTV3DH";"Imani Woodard";"Dale Durham";NULL;NULL;NULL;NULL;"637-6204 In St.";"3";"DYR28TXO2VR";"Avram Perkins";NULL;"tempor.lorem@google.couk";"P.O. Box 552, 3551 Vivamus St.";"3";"RBA55OII0GD";"Cally Wells";NULL;"dictum.phasellus@icloud.edu";"8"
"20";"GGX23XSQ8KH";"PZM00BKI2JT";"FTS60THG5FO";"4";"POQ95WNR2OV";"Kenneth Atkinson";"Rajah Fry";NULL;NULL;NULL;NULL;"Ap #166-3779 Nunc Road";"4";"GGF86HDN5JM";"Herrod Donovan";NULL;"sem@protonmail.ca";"Ap #130-2270 At, Ave";"2";"JEK38UNR2AS";"Travis Banks";NULL;"sit.amet@protonmail.ca";"3"
"21";"GHS13LAA7UK";"YMB05MVX7KF";"CND55ESS3UE";"1";"SLB39BWM4JL";"Marcia Chang";"Lenore Peterson";NULL;NULL;NULL;NULL;"Ap #722-7162 Nullam Ave";"4";"MBK54KLH1ID";"Martina Boyle";NULL;"venenatis@icloud.edu";"257-7324 Elit, Rd.";"4";"GVB12SPH1SG";"Cyrus House";NULL;"nascetur.ridiculus.mus@icloud.net";"8"
"22";"MCJ85KVJ8PM";"TZF43XUU5IO";"XEV25NCH7LX";"5";"HXG78NWK6FR";"Omar Mclaughlin";"Cassandra Snow";NULL;NULL;NULL;NULL;"P.O. Box 824, 9421 Laoreet Street";"3";"FME36LJF6PX";"Harding Dillard";NULL;"molestie@protonmail.org";"Ap #146-2220 A Av.";"1";"VXU18DNZ3FA";"Owen Barrett";NULL;"donec.elementum.lorem@outlook.com";"6"
"23";"HOI04RNL9VD";"HWJ12SVQ0MD";"MMN65HHG2SD";"3";"MJP96NBW9ES";"Iona Craig";"Cedric Steele";NULL;NULL;NULL;NULL;"Ap #349-4115 Risus Rd.";"3";"MRZ32LWR3OM";"Nissim Dotson";NULL;"ante.iaculis.nec@yahoo.net";"1134 Nonummy Road";"1";"VTF93OQG5SD";"Flynn Carey";NULL;"elementum.lorem.ut@hotmail.com";"5"
"24";"MXS59KPS4NX";"IMT62AUP5XB";"STW25SUO9MA";"1";"EFI23VHE1BZ";"Clare Justice";"Dolan Pugh";NULL;NULL;NULL;NULL;"Ap #908-8876 Diam. Rd.";"3";"LVI02DDL6LA";"Ali Richmond";NULL;"scelerisque.neque.nullam@icloud.ca";"Ap #857-5074 Et, Road";"5";"RTA03FUC2MW";"Harrison Merritt";NULL;"in.magna@google.com";"6"
"25";"UBN81CXX4TV";"CBJ09HSV6NW";"ENM36HUB7UR";"1";"ZGJ64JFL5NO";"Iona Lane";"Keelie Brady";NULL;NULL;NULL;NULL;"713-8585 Lacinia Avenue";"5";"SGT77QYG6NN";"Inga Farmer";NULL;"eu.elit@icloud.couk";"2059 Sed, St.";"2";"QHG81CQR8NV";"Wyoming Hebert";NULL;"ut.nisi.a@icloud.org";"1"
"26";"BMU68TMQ0TF";"TLS33LPV6KO";"XBO61MMR3XF";"3";"ZCO76LUJ6JG";"Yvette Benson";"Gillian Figueroa";NULL;NULL;NULL;NULL;"Ap #911-8674 Odio, Av.";"4";"RMG66TJG9HS";"Wayne James";NULL;"lorem.fringilla@google.net";"P.O. Box 812, 3289 Nulla St.";"2";"HYF83LTF7EK";"Basil Greene";NULL;"donec.porttitor@outlook.edu";"1"
"27";"GRD00KRX4TI";"EHP33OCG8FK";"VEO62EFK6KI";"1";"BXQ78PKK2UU";"Ralph Miles";"Darrel Wheeler";NULL;NULL;NULL;NULL;"269-7329 Sed Ave";"5";"QCS58KUL4OE";"Cody Stevens";NULL;"mauris@yahoo.com";"P.O. Box 434, 852 Rutrum Av.";"3";"UVX22NQU9WT";"Brady Pittman";NULL;"purus@icloud.com";"2"
"28";"HIY74WVQ2NL";"PUJ55FWC4QE";"JHP90CVQ7TT";"1";"TYV55DKR8BE";"Armando Guy";"Zephania Pickett";NULL;NULL;NULL;NULL;"P.O. Box 598, 3342 Malesuada Av.";"4";"YAJ72OYA9PJ";"Phillip Mcfadden";NULL;"suspendisse@yahoo.couk";"P.O. Box 936, 8719 Erat. Av.";"1";"OIB29AQB7BG";"Chaney Howard";NULL;"condimentum.eget@yahoo.org";"5"
"29";"PSY04NOK6FA";"IBZ06OVX2GQ";"GNT14BSS1YK";"2";"GVR33EFL4AD";"Brett Burnett";"Aretha Clements";NULL;NULL;NULL;NULL;"907-2658 Curabitur Ave";"4";"MDM18WNF6BG";"Emily Tillman";NULL;"ante.ipsum@google.edu";"830-4337 Lorem Av.";"3";"VNL40KGY5FR";"Tucker Perkins";NULL;"sed.eu.nibh@icloud.edu";"8"
"30";"XEI64EHH8DI";"ZKP97PCQ2UI";"QBT88XQS3BT";"1";"KTU72YHM3RP";"Blaze Ward";"Michael Rocha";NULL;NULL;NULL;NULL;"Ap #887-5988 In Road";"1";"POQ24YLV8IO";"Alden Sullivan";NULL;"sit.amet@icloud.couk";"219-6952 Eu Rd.";"3";"YUW41ORJ3CK";"Fatima Good";NULL;"nibh.dolor.nonummy@google.edu";"6"
"31";"LJI74RDS8UO";"MJS97BLA5MX";"QSX32ICS7IG";"5";"HMV71LZD5OJ";"Malik Hoover";"Lesley Barrett";NULL;NULL;NULL;NULL;"Ap #665-3372 Phasellus St.";"4";"EHG84QRE3KQ";"Owen Rosa";NULL;"quis.pede.suspendisse@protonmail.com";"P.O. Box 889, 2305 Mauris Rd.";"3";"BXM76ONY3XO";"Seth Patterson";NULL;"laoreet@outlook.org";"3"
"32";"LRF54WVF0QL";"BFW81XDR1BQ";"MMD53PUT7TT";"1";"KDT35ZJQ3SJ";"Emerson Beard";"MacKensie Osborn";NULL;NULL;NULL;NULL;"427-7526 Metus. Street";"3";"GRP95HAY3UC";"Bevis Joseph";NULL;"velit.eget@hotmail.org";"732-9930 Ligula. St.";"0";"AGW42MPE3UL";"Lewis Estrada";NULL;"vehicula.risus.nulla@outlook.org";"9"
"33";"FGP50AGF6XZ";"BIE25PEY5GJ";"MXF65KYO3VN";"0";"GXS57NJG1IL";"Fay Noble";"Bruce Irwin";NULL;NULL;NULL;NULL;"Ap #652-5188 Nam Avenue";"3";"NWM87ROT2RL";"Lisandra Austin";NULL;"vitae.erat@aol.net";"P.O. Box 676, 4811 Nullam St.";"4";"YMB68YVL3DT";"Buckminster Bush";NULL;"tempor@icloud.org";"3"
"34";"VHF74YXV2CU";"WJO62ICP8JM";"EJF09YKG7UC";"5";"TUV56HWZ4SK";"Rana Rodgers";"Rhea Fleming";NULL;NULL;NULL;NULL;"8182 Natoque Street";"5";"YSW46VWD1JW";"Ross Shields";NULL;"nascetur@outlook.net";"Ap #272-651 Sem St.";"4";"IQI44MLM8KE";"Reese Shields";NULL;"pede.ac@hotmail.edu";"5"
"35";"DXI98KWH5LQ";"OSD70CQB5TN";"SRM21FYJ2DY";"3";"MWQ66BBF8VC";"Felix Cash";"Zeph Stokes";NULL;NULL;NULL;NULL;"632-3523 Mauris Rd.";"1";"YRC83JIW2GC";"Nash Barker";NULL;"dignissim@google.ca";"635-2748 Tellus. Rd.";"2";"WTM24CTN6DX";"Thaddeus Schmidt";NULL;"enim.condimentum@outlook.couk";"3"
"36";"KIW78RLU6GT";"IBD63NQI8HU";"FXT62YAP2GN";"3";"AVU48JWX4ZM";"Jesse Kaufman";"Anthony Chase";NULL;NULL;NULL;NULL;"P.O. Box 978, 8063 Nunc Av.";"4";"KNK12IQG4KG";"Ramona Clemons";NULL;"et.magnis@icloud.couk";"Ap #168-8703 Morbi Road";"5";"GOY32SCJ3NR";"Ella Morrison";NULL;"hendrerit.a@yahoo.ca";"7"
"37";"RDL14SGW8BF";"IPR92CEK1US";"YQM34GZL5JN";"1";"APS44BNO2VR";"Abraham Stuart";"Minerva Munoz";NULL;NULL;NULL;NULL;"P.O. Box 467, 6976 Primis Street";"2";"CHV35XEB9CA";"Aspen Workman";NULL;"ligula.consectetuer@icloud.ca";"987-2592 Enim. St.";"1";"QBO21QBN8EM";"Adam Allen";NULL;"tellus.imperdiet@hotmail.ca";"10"
"38";"EUH81TDJ6VU";"RCP40BVI3CB";"HMS33GUG6SV";"2";"YCE81OWW7VQ";"Nero Curtis";"Galvin Wolf";NULL;NULL;NULL;NULL;"Ap #150-3764 Dui St.";"2";"FEO57DXX7JU";"Nero Tate";NULL;"condimentum.donec.at@yahoo.ca";"567-7884 Porttitor St.";"4";"HAW45VET1HS";"William Hooper";NULL;"velit.eget@outlook.net";"7"
"39";"FLW41MNP6JC";"LKR76WOH6TS";"VKL91GCN2DM";"0";"TXX86STL5JS";"Oscar Estes";"Wade Bailey";NULL;NULL;NULL;NULL;"361-9092 Metus. Street";"5";"KNT78BDO2OQ";"Hop Reese";NULL;"suspendisse.aliquet@google.com";"890-8091 Semper, Avenue";"4";"NCJ85PRT1FQ";"Brielle Chase";NULL;"et.eros@hotmail.ca";"2"
"40";"HRF46GCA9IO";"CMR49OIQ1FD";"SJN25XNV3MO";"2";"PBD03AJV4IW";"Serina Cotton";"Tanek Boone";NULL;NULL;NULL;NULL;"388-9942 Vivamus Road";"3";"QWH14RXY2SF";"Brenden Cannon";NULL;"suspendisse.ac.metus@outlook.edu";"4060 Fringilla. Av.";"0";"NWI83NXV4VQ";"Mikayla Dillon";NULL;"tempus.risus.donec@protonmail.ca";"6"
"41";"SIQ18QWB1LZ";"ESL37TMQ1VY";"WTV76GBP1JK";"4";"WVQ42GFJ2RM";"Jameson Mathews";"Kameko Singleton";NULL;NULL;NULL;NULL;"729 Semper St.";"2";"WFT83TVS8MN";"Jenette Bush";NULL;"dolor.sit.amet@aol.org";"136-895 Integer Avenue";"1";"UWK19EPR8KD";"Caldwell Hahn";NULL;"adipiscing.elit@google.com";"4"
"42";"LRX61NBV7MC";"UTX70DEG8WV";"NBY66MGD4IF";"1";"JVY83MRW7OY";"Thomas Salazar";"Iris Patel";NULL;NULL;NULL;NULL;"713-9881 Et Ave";"2";"OLA47JYN8CA";"Orlando Rivera";NULL;"imperdiet.nec.leo@aol.ca";"6547 Sociis Av.";"2";"NSQ51LIA7OB";"Holly Larson";NULL;"nam.ligula.elit@icloud.net";"6"
"43";"XPP42DSG5ZU";"QMX95ZBC7EJ";"JRK74XEK4EJ";"2";"SFG48MIG3UC";"Connor Oneal";"Dane Craig";NULL;NULL;NULL;NULL;"Ap #445-9894 Cras Rd.";"3";"FIR93HOK7DB";"Leroy Bolton";NULL;"euismod.et@yahoo.net";"138-6100 Mauris Rd.";"5";"HPT76ICU6SC";"Athena Banks";NULL;"pretium@yahoo.org";"9"
"44";"MJJ08WDL9XG";"IRF17CSR4TE";"SQS27ION3QY";"0";"YDM41KYK6GU";"Quyn Jacobson";"Alexander Bruce";NULL;NULL;NULL;NULL;"Ap #502-1773 Velit. Street";"1";"NJS25WYB2FR";"Damian Salazar";NULL;"risus@outlook.ca";"Ap #218-4668 Eu, Avenue";"3";"CSN38WPK4TH";"Solomon Weiss";NULL;"et.magnis@outlook.net";"7"
"45";"BZG80WYZ3DK";"VTB57KRA4RU";"WZB38NDP8AQ";"3";"EEW48UKO4MD";"Mara Evans";"Lev Lamb";NULL;NULL;NULL;NULL;"Ap #463-2998 Ante St.";"3";"LNQ46LGC8YX";"Louis Powers";NULL;"scelerisque@google.ca";"5718 Libero. Avenue";"1";"MRR69YLX3HT";"Kamal Peters";NULL;"ante.dictum.cursus@yahoo.com";"7"
"46";"NZT16JWK6MF";"CXL48ERK1UZ";"DUK65WOI3JJ";"2";"CYM12LYE5VR";"Phelan Franklin";"Matthew Alford";NULL;NULL;NULL;NULL;"168-7192 Cras St.";"3";"PBY11GRQ1PM";"Kelly Gaines";NULL;"lorem.auctor@hotmail.org";"Ap #327-6537 Nec St.";"4";"FTJ18NTJ4SB";"Amos Boyd";NULL;"elit@outlook.net";"6"
"47";"AUH45OMU6JP";"LUG87QEK7RH";"JIP15ONX1VJ";"4";"QBE25RLX9OA";"Demetrius Rice";"Conan Kidd";NULL;NULL;NULL;NULL;"7889 Et St.";"5";"UDJ25RFE3OO";"Hashim Lewis";NULL;"mauris@icloud.net";"Ap #717-2941 Erat Av.";"3";"GWP12LPI6CT";"Caesar Noble";NULL;"nullam.lobortis@yahoo.com";"4"
"48";"DGM24VAY5TT";"YHZ33USR3ON";"HXM51OSX0BN";"1";"LYX29ISO7GI";"India Conner";"Reed Adams";NULL;NULL;NULL;NULL;"Ap #892-2031 Maecenas Ave";"1";"VBA61VOT3ZV";"Brody Adams";NULL;"montes.nascetur@google.edu";"Ap #978-8104 Posuere Av.";"4";"SKB50OKU3LC";"Lewis Woodward";NULL;"risus.odio@outlook.edu";"5"
"49";"EFY46TYO0BM";"DNH05FLO8XN";"RSO57POJ6RU";"2";"FAT53BTP8LY";"Sebastian Burt";"Tiger Cash";NULL;NULL;NULL;NULL;"217-9261 Luctus Av.";"2";"ULA68TLC3EN";"Carter Sargent";NULL;"facilisis.magna@outlook.com";"566-2259 Vehicula Ave";"0";"SEN63YFU5NN";"Wade Mcneil";NULL;"commodo.hendrerit.donec@hotmail.ca";"6"
"50";"YYG34FKO7TM";"DCI24XMG8IE";"UIG90BBW6HT";"4";"OOC63MRJ4BJ";"Micah Delgado";"Eugenia Stein";NULL;NULL;NULL;NULL;"Ap #289-6863 Dictum Road";"2";"ZFI18TDA2QC";"Timothy Harding";NULL;"consectetuer.euismod@aol.edu";"P.O. Box 526, 6318 Elit, St.";"3";"OVI54RYK5DS";"Oscar Alston";NULL;"sem.elit.pharetra@icloud.org";"9"
"51";"QYN27MQG7WF";"DRJ64SMA2FJ";"IYW70MEF5FQ";"0";"GRP64FMJ6EO";"Jael Murphy";"Armando Stephens";NULL;NULL;NULL;NULL;"Ap #778-6042 Ullamcorper Avenue";"5";"CBP34USA4UD";"Nigel Hewitt";NULL;"bibendum.sed@yahoo.couk";"Ap #273-6062 Pellentesque St.";"5";"KLJ68YXQ6GA";"Zephania Burt";NULL;"enim.nisl@outlook.com";"3"
"52";"HQT21HYB6RE";"BXS35MIT9XD";"WOK66DYB2RY";"4";"NAG47XKH2IS";"Amal Johnston";"Ronan Wright";NULL;NULL;NULL;NULL;"P.O. Box 730, 8545 Mollis. Avenue";"4";"YMP98LQR5RE";"Hayes Vincent";NULL;"ligula.nullam@outlook.com";"377 Ut St.";"0";"ITC03GZU8DV";"Phyllis Wynn";NULL;"consectetuer@aol.couk";"6"
"53";"XPJ58FKF2PG";"XSF54NTU2DB";"HOU54DWS0AW";"4";"LPN39HJV5CN";"Alexandra Keith";"Cole Bates";NULL;NULL;NULL;NULL;"6427 A, Avenue";"2";"PBN96MDG3CO";"Justina Levy";NULL;"molestie.arcu@google.couk";"Ap #384-6860 Tincidunt Rd.";"1";"KBL24DRD5GO";"Wesley Koch";NULL;"sed@protonmail.org";"5"
"54";"DID44QIU4UN";"NWE11HOJ1GB";"GOQ74UUY7GP";"3";"CJS41WXV0TJ";"Melyssa Gould";"Hanae Vinson";NULL;NULL;NULL;NULL;"754-6609 Adipiscing St.";"1";"EVF08MMN3ZL";"Jordan Cote";NULL;"morbi.neque@outlook.ca";"779-8667 Lorem Street";"3";"DHT51YON4MV";"David Mann";NULL;"in.cursus@yahoo.com";"7"
"55";"WPP49XBS6EK";"ILU31WMT2BG";"DRX49KGI5OO";"2";"GIK20IRQ2KG";"Theodore Dominguez";"Gillian Graham";NULL;NULL;NULL;NULL;"P.O. Box 669, 4280 Est Avenue";"3";"GXH73PCJ1HG";"Quemby Workman";NULL;"sociis.natoque.penatibus@icloud.edu";"P.O. Box 880, 8566 Primis Rd.";"1";"ORC12CEH4OX";"Hedwig Henderson";NULL;"a.ultricies@hotmail.net";"9"
"56";"WKL28QIN8MY";"AQS94XKY5YD";"CTW53NDB1LP";"4";"ASE49ILP3LW";"Carissa Heath";"Timon Cunningham";NULL;NULL;NULL;NULL;"2812 Lorem Rd.";"2";"QIU23CWF6LX";"Kane Andrews";NULL;"cras.pellentesque.sed@protonmail.edu";"P.O. Box 259, 9967 Sed Rd.";"5";"ZYS14EJF6HJ";"William Sanchez";NULL;"vivamus.nisi@yahoo.com";"3"
"57";"FFL62PCU0HG";"NPH92CVX2EN";"HHF58HVZ5JY";"0";"CEN67EMR1XH";"Nathaniel Strickland";"Carolyn Kline";NULL;NULL;NULL;NULL;"Ap #788-6732 Turpis Road";"2";"KNM38UWY1RM";"Serena Nunez";NULL;"nullam.ut@hotmail.com";"P.O. Box 472, 8923 Orci, Street";"1";"LKK25KES8KD";"Bernard Hancock";NULL;"nibh.lacinia@hotmail.net";"3"
"58";"YCI80MYL4BF";"RIG38EHP2HQ";"BXT88FBZ5DY";"4";"FCH86FRW7FH";"Justin Ayers";"Jameson Head";NULL;NULL;NULL;NULL;"Ap #764-9004 Eget, St.";"1";"IQJ67UIU9YG";"Noelani Barron";NULL;"primis.in.faucibus@yahoo.couk";"Ap #762-2330 Hendrerit Avenue";"4";"MJW45RVH3US";"Ulric Bender";NULL;"in.aliquet.lobortis@icloud.net";"9"
"59";"VRO91BWB1GS";"JIL42OXM4FM";"BHA14BBG5OJ";"0";"DBI21DDI5CJ";"Amethyst Sawyer";"Tanisha Zimmerman";NULL;NULL;NULL;NULL;"P.O. Box 428, 400 Per St.";"5";"NOC04IYI1IR";"Katell Battle";NULL;"suspendisse@protonmail.com";"P.O. Box 348, 2838 Ridiculus Street";"3";"ZAT51LQQ3AW";"Kelsie Neal";NULL;"mauris.eu@google.edu";"8"
"60";"VUY17EZZ4CI";"SDL73UEL6LR";"WYX85TLS8SJ";"0";"BLQ20VZY4AP";"Brenna Cain";"Kyle Simon";NULL;NULL;NULL;NULL;"Ap #846-7125 Ligula Street";"4";"SKU00WWR7UW";"Alexandra Diaz";NULL;"fermentum.convallis.ligula@protonmail.couk";"Ap #530-4538 Metus. St.";"4";"MTH88NBM6SN";"Martin Battle";NULL;"venenatis.vel.faucibus@outlook.edu";"3"
"61";"HVQ65UJE7PP";"COK67PWX4EN";"VOI51VGO4TV";"3";"MRG42MND2RE";"Tanner Benson";"Kyra Mcdowell";NULL;NULL;NULL;NULL;"577-3492 Pharetra Avenue";"3";"GJM94OGZ8MF";"Xenos Rowe";NULL;"aliquet@google.edu";"Ap #120-5282 Nibh Rd.";"3";"IXJ82QKS8IP";"Paula Mcclure";NULL;"fermentum@protonmail.net";"7"
"62";"KST66LGP5XO";"XFW13QLZ2HI";"CWO45SMQ6VD";"4";"RUN03TLL6RF";"Coby Finley";"Yoshio Duncan";NULL;NULL;NULL;NULL;"145-1545 Auctor St.";"2";"HOG82PIY7FY";"Burton Nunez";NULL;"at@outlook.couk";"Ap #660-787 At St.";"4";"JXR83NCF2XC";"Scott Pratt";NULL;"feugiat.non@google.couk";"9"
"63";"LJY35DFV6FN";"DHD49BFX4ON";"MMT44WLR8PQ";"1";"CCX65QBJ9IJ";"Cole Carlson";"Jaquelyn Horne";NULL;NULL;NULL;NULL;"213-6567 Integer Rd.";"2";"HDX25UZA6GJ";"Scarlet Camacho";NULL;"ac.ipsum@google.couk";"Ap #532-8451 Aliquam St.";"2";"SBM88WHX7SM";"Porter Hogan";NULL;"ipsum.leo@hotmail.edu";"8"
"64";"PUA71MFW8NF";"YLP22NKM6KN";"CTX13TGY6LW";"0";"DCY25TXP5RJ";"Sasha Davis";"Cynthia Vazquez";NULL;NULL;NULL;NULL;"Ap #971-377 Commodo Av.";"1";"QDR88TVY4OP";"Inga Tate";NULL;"odio.a.purus@protonmail.couk";"P.O. Box 492, 5522 Mattis. Rd.";"1";"XBF25XUX0CF";"Lawrence Craig";NULL;"proin@google.org";"4"
"65";"LGH11DNJ0KB";"CWI82PNN9XX";"JIB14MGB5JB";"3";"MRQ74IQH4FQ";"Matthew Shaw";"Carl Fuller";NULL;NULL;NULL;NULL;"Ap #132-371 Vel Ave";"1";"UOM73HCY2KM";"Uta Knapp";NULL;"nec.enim.nunc@outlook.edu";"P.O. Box 129, 7042 Maecenas Avenue";"5";"QGC78KHD5MO";"Willa Casey";NULL;"elit.etiam.laoreet@icloud.org";"10"
"66";"IDK15UZX0UI";"NCJ16JGJ3JK";"KFL78AOE0MI";"4";"AAO48WUW8LP";"Jemima Solomon";"Bryar Giles";NULL;NULL;NULL;NULL;"247-7416 Libero. St.";"0";"AEP21NDY5WQ";"Tanner Bean";NULL;"metus@icloud.org";"9943 Aliquam Rd.";"1";"LFT84NXR4FG";"Stuart Peterson";NULL;"tristique.senectus@aol.org";"7"
"67";"TOG33LTJ2DZ";"HCG51LLS5PU";"WDB66UUI9JD";"3";"VXI60LXM0JG";"Medge Henson";"Remedios Meyers";NULL;NULL;NULL;NULL;"Ap #750-2347 Velit. Road";"1";"PNL93OWJ6MU";"Hollee Mckinney";NULL;"sed@protonmail.com";"2184 Pede Road";"2";"PET56OTJ0HX";"Yuli Prince";NULL;"lorem.ipsum.dolor@outlook.net";"9"
"68";"RUS67HZW3DX";"TDF17GLB2YI";"HIC57ZNM2FW";"1";"MUQ09OQM7NU";"Bell Willis";"Travis Walsh";NULL;NULL;NULL;NULL;"344-3240 Nunc. Road";"2";"JCG27FIP8CH";"Amena Donaldson";NULL;"porttitor.eros@yahoo.couk";"8714 Pharetra, Avenue";"2";"WMK74DMO5BX";"Solomon Cummings";NULL;"lacinia.mattis@aol.couk";"9"
"69";"LEP24MBQ4XY";"HJX74TRH8SH";"HQV22YLE6ML";"1";"UFY13QFG2YT";"Theodore Leon";"Wanda Rojas";NULL;NULL;NULL;NULL;"505-5047 Curabitur Av.";"2";"XID44BAU5UY";"Eagan Hill";NULL;"per.inceptos@yahoo.com";"7708 Cras Avenue";"3";"LQJ16NPN5BN";"Sharon Cochran";NULL;"eget.odio@yahoo.net";"9"
"70";"YIH73RJY5QZ";"VMK46KBD9IL";"DKN82FTG8NZ";"1";"PXB25GQA7QE";"Channing Sargent";"Ishmael Mcknight";NULL;NULL;NULL;NULL;"Ap #933-9146 Vitae St.";"3";"JHV48KYG9FS";"Cade Tyler";NULL;"conubia.nostra.per@yahoo.edu";"996-7971 Dignissim Rd.";"4";"THT41UET3MC";"Christen Meadows";NULL;"nec.metus.facilisis@yahoo.org";"3"
"71";"HTI26QCF8CB";"CLQ14OVP6CS";"LMW66SKR8WE";"2";"DJX87CCI7QU";"Pamela Livingston";"Nola Austin";NULL;NULL;NULL;NULL;"5594 Nunc Road";"5";"OOJ77RYD4JO";"Flynn Peters";NULL;"rutrum@outlook.com";"854-5519 Tortor Road";"1";"LKT51EXB9GJ";"Dominic Mills";NULL;"odio@yahoo.net";"4"
"72";"UPV20MKE3PT";"SDW46YDD9JF";"CXF84OSC5XZ";"4";"ONT63CZP0DX";"Maite Harmon";"Kristen Melendez";NULL;NULL;NULL;NULL;"P.O. Box 520, 386 Vel Avenue";"3";"OIV14YLU8KV";"Sierra Gregory";NULL;"tellus.nunc@hotmail.ca";"Ap #946-2960 Felis. Avenue";"4";"PLP40LOL5EL";"Nathaniel Cochran";NULL;"dolor@protonmail.net";"3"
"73";"NRP16BXK1FS";"SVE75CNQ2BS";"WBD65HEA5RN";"3";"WNB98CGM9KB";"Nathaniel Bridges";"Noah Moses";NULL;NULL;NULL;NULL;"Ap #346-1214 Pretium St.";"5";"EJD40EQT4CC";"Wing Mcbride";NULL;"erat.volutpat@aol.couk";"6054 Luctus Rd.";"4";"CCF88CXW1UK";"Cathleen Chaney";NULL;"fusce@protonmail.ca";"2"
"74";"PAG18TOB1XM";"KNY98VZC0BA";"VYI77JWR3PT";"3";"DIC67QHQ1SV";"Warren Duncan";"Sheila Britt";NULL;NULL;NULL;NULL;"993-271 Molestie Ave";"2";"BJQ23TVM0UF";"Ian Kidd";NULL;"ante@yahoo.com";"623-6389 Ligula. Street";"3";"NCH68UTF3UX";"Colin Curtis";NULL;"sed.consequat.auctor@google.ca";"3"
"75";"WYS14OGL3IF";"UTV64ZRC5OM";"IET21WGD1IU";"2";"DWH24MBI2PJ";"Gray Schwartz";"Signe Hodges";NULL;NULL;NULL;NULL;"Ap #722-8888 Quisque Street";"1";"KGP02TTD3RN";"Sydnee Bruce";NULL;"suscipit@icloud.com";"479-7382 Blandit Road";"1";"VUK16QHI5WU";"Amir Moore";NULL;"tellus.imperdiet@icloud.net";"8"
"76";"GPM83JLB4SA";"LOJ72GBH4YP";"JKN59CUB9PK";"2";"SSA24BGN8DV";"Daquan Morrison";"Margaret Wooten";NULL;NULL;NULL;NULL;"Ap #225-5046 Hendrerit Av.";"0";"FMC88LUI5RE";"Camden Bradford";NULL;"sem.nulla.interdum@hotmail.couk";"3211 Cum St.";"5";"TAE38BSD6XG";"Rajah Gaines";NULL;"amet.ornare@yahoo.com";"5"
"77";"FST03UPS6DN";"FAN44JGM8SN";"WSE79DHS6YM";"0";"RVD65HUG1WR";"Colton Robles";"Fuller Horne";NULL;NULL;NULL;NULL;"P.O. Box 811, 9712 Proin Av.";"1";"FXR02EZX7HJ";"Noelani Salazar";NULL;"velit.eu.sem@aol.couk";"P.O. Box 848, 6049 Amet Road";"2";"MQO11NNJ6IM";"Oleg Palmer";NULL;"tempor.bibendum@hotmail.org";"7"
"78";"FSR46YLK7LS";"VVN66SNP6UA";"IGG34TYJ7NW";"4";"BMT70GMD5MB";"Evelyn Koch";"Aidan Dawson";NULL;NULL;NULL;NULL;"592-3416 Placerat, Avenue";"4";"QLI84XUT3LZ";"Ann Nichols";NULL;"ac.mattis@hotmail.couk";"Ap #751-529 Etiam Rd.";"4";"NZG83QIS9BJ";"Malik Rush";NULL;"adipiscing@outlook.edu";"9"
"79";"NJZ76LGC7HD";"IUD21BYZ5JP";"ZEB10SIU1QH";"3";"QKO84XCD5BB";"Sarah Mcclure";"Bruce Stevenson";NULL;NULL;NULL;NULL;"441-9211 Aliquam St.";"3";"XEY76IGS3BX";"Irene Stuart";NULL;"integer.vulputate@outlook.couk";"702-3535 Lorem Rd.";"5";"GAW82ZUC3CC";"Barry Walsh";NULL;"enim.non@yahoo.org";"6"
"80";"SWF57NVW0NT";"YCV24XGB7ZY";"SUU24XMW7IS";"1";"WBD61NWC7HJ";"Jakeem Brewer";"Felicia Peterson";NULL;NULL;NULL;NULL;"9669 Odio. Ave";"1";"PWX18PRH5JG";"Quail Maddox";NULL;"nec.tempus.scelerisque@icloud.net";"6461 Facilisis Road";"1";"VCQ51XGG3VG";"Demetrius Holland";NULL;"imperdiet.non@hotmail.edu";"7"
"81";"UUD63JXE2IV";"EPJ72NUP5GS";"MQK81MIC7XH";"4";"LZJ71KGW4EZ";"Sopoline Klein";"Leonard Case";NULL;NULL;NULL;NULL;"Ap #726-8372 Amet Rd.";"2";"UTJ92WRJ2MH";"Lucian Cherry";NULL;"sit.amet@yahoo.org";"Ap #112-4991 Cubilia Rd.";"4";"GRZ04SYS3FS";"Yasir Golden";NULL;"dui.fusce@google.org";"4"
"82";"TWX79UIZ1OJ";"YMS33QQZ7NP";"RQS78DFZ5LQ";"5";"KBJ56QXD5VQ";"John Dodson";"Joseph Simon";NULL;NULL;NULL;NULL;"3815 Eget, St.";"4";"LTC78MRH3ER";"Malachi Todd";NULL;"sed.turpis.nec@hotmail.com";"995-495 Ullamcorper, Rd.";"3";"OME41FHI6RX";"Kamal Wiggins";NULL;"porttitor@icloud.couk";"3"
"83";"HKZ26DLW3JH";"XNA38YNJ2PO";"LHB42JJB8YV";"1";"PSU36VTL5SF";"Julie William";"Beatrice Good";NULL;NULL;NULL;NULL;"608-3665 Non Rd.";"1";"CBF51TAY3NA";"Norman Kaufman";NULL;"odio.vel@outlook.couk";"690-5146 Mus. St.";"3";"ILQ39NDU4HR";"Elliott Marsh";NULL;"metus.urna@outlook.ca";"3"
"84";"GJE34GRW0QK";"GKJ61APY1QA";"QUE57QVN3DQ";"1";"TJQ81DCY2MF";"Oren Morgan";"Destiny Delgado";NULL;NULL;NULL;NULL;"P.O. Box 519, 8009 Amet Rd.";"2";"RVB44BGJ1XO";"Gareth Delacruz";NULL;"tempor.augue.ac@protonmail.edu";"P.O. Box 233, 799 Commodo Rd.";"4";"DCW73TLE6ZW";"Lysandra Cole";NULL;"praesent.eu@outlook.org";"5"
"85";"NDE95COH6PF";"VER31UEN7OG";"PLG98HNC2SB";"4";"DWZ65RDB4WV";"Salvador Church";"Dean Chaney";NULL;NULL;NULL;NULL;"554-8528 Lobortis. Road";"3";"SHE08KLK3XN";"MacKensie Huff";NULL;"suspendisse@google.ca";"8026 Tellus Street";"3";"BNA76MYF7LG";"Cairo Steele";NULL;"elit.aliquam@outlook.ca";"3"
"86";"GVN43TCY5UA";"BGR11SXK6QL";"TVQ88GHW6HC";"4";"PSV14SQU1GR";"Thomas Rhodes";"Harlan Dominguez";NULL;NULL;NULL;NULL;"Ap #111-8192 Nonummy. St.";"0";"QLE70BNP3BA";"Brett Griffin";NULL;"ultricies.sem.magna@yahoo.com";"Ap #657-315 Facilisis St.";"2";"LGW71WJO7FV";"Fletcher Mccarty";NULL;"sem.nulla@hotmail.com";"5"
"87";"HNT52JUI1RL";"KIB14ASY7DC";"XHQ02XPK0DN";"4";"MRT41HTL3DD";"Candice Villarreal";"Gareth Jacobs";NULL;NULL;NULL;NULL;"876-5839 Dis Road";"2";"EHT51BYB5DU";"Amity Daniel";NULL;"tempor.lorem@google.org";"790-6961 Lorem St.";"4";"KGH15INZ1OL";"Armando Holman";NULL;"sem.magna.nec@icloud.ca";"5"
"88";"EMD93HYJ4MP";"ULO75XHI4JS";"JBT87NXP8IO";"0";"CAB98QPU1MO";"Porter Love";"Paki Lowe";NULL;NULL;NULL;NULL;"Ap #174-4496 Tristique Street";"3";"TYG44LMB1LD";"Abra Glass";NULL;"curabitur.ut@yahoo.org";"5566 In St.";"4";"ZCE12EMY8AL";"Maris Mays";NULL;"orci@aol.edu";"5"
"89";"APN62WAT5NC";"EXU01FWR2FQ";"JWL16NTP7IC";"4";"TOW54TYO7WK";"Barclay Baird";"Quinlan Moses";NULL;NULL;NULL;NULL;"205-8288 Egestas Avenue";"3";"FCD71OCS4PB";"Steel Simmons";NULL;"ornare.lectus@yahoo.couk";"205-1006 Sagittis. St.";"3";"FSE81GCF1WO";"John Walker";NULL;"lobortis.tellus@aol.ca";"3"
"90";"JNI74BVO6WJ";"BJI55PPG5SM";"LBR14HIB8RY";"1";"BES61HJH4PG";"Ulric Burt";"Caesar Burris";NULL;NULL;NULL;NULL;"272-9832 Enim St.";"0";"SJB28LPQ7CU";"Aspen Kane";NULL;"consectetuer.adipiscing.elit@outlook.com";"2013 Neque Ave";"0";"KKE08DOL4VM";"Jenette Mcknight";NULL;"vestibulum.ante@outlook.com";"1"
"91";"XOM83IKT6LC";"GDN76POP7HS";"SSC37CHY2BH";"1";"QEU71JSF8VK";"Xanthus Wilcox";"Arden Dyer";NULL;NULL;NULL;NULL;"P.O. Box 749, 3527 Quis Av.";"0";"ELF37HYC1XV";"Phoebe Martinez";NULL;"magna.tellus@google.couk";"P.O. Box 616, 3591 Commodo Av.";"0";"WUK31MSD3WR";"Holmes Best";NULL;"neque@outlook.couk";"8"
"92";"XBI24EAD1PP";"MDD47TSD6PS";"KEQ40HEM6LV";"4";"CHA82UTX1TE";"Keely Mcguire";"Melissa Nixon";NULL;NULL;NULL;NULL;"698-963 Est. Road";"4";"NPK69JVM7TS";"Philip Jacobs";NULL;"egestas.sed.pharetra@yahoo.couk";"8557 Risus. St.";"1";"RUN12AKV2ED";"Kiona Kennedy";NULL;"id.mollis@yahoo.couk";"6"
"93";"GKI74LLR2PP";"HPV27OQG1HE";"BTT67RQM5WL";"1";"ZNY26BLX5WB";"Murphy Barry";"Georgia Bowman";NULL;NULL;NULL;NULL;"499-3693 Pellentesque Av.";"3";"VNF29JRI0MU";"Price Kirkland";NULL;"et.pede@icloud.net";"457-7098 Vivamus Road";"4";"JND36PHA9QM";"Hayfa James";NULL;"quis@outlook.net";"1"
"94";"GYX55PSB7RR";"ZDL09YWB4JU";"HSH49RFM8ES";"3";"KBV16AVI6FB";"Quinn Wong";"Boris Mcmahon";NULL;NULL;NULL;NULL;"447-1044 Dolor Rd.";"2";"ZYS39BHS4QH";"Sophia Koch";NULL;"phasellus@outlook.edu";"806-3203 Eget Av.";"4";"QNN55IUA8ZD";"Bell Stokes";NULL;"blandit@icloud.ca";"7"
"95";"TYE78OQY1OC";"HXM57PDG2BY";"NBJ82QDB2DU";"3";"BWL88YKN3RI";"Freya Gordon";"Beatrice Mcmahon";NULL;NULL;NULL;NULL;"576-3183 Non, Rd.";"3";"DDM52QNL1TI";"Gemma Bean";NULL;"commodo.at@yahoo.couk";"503-3140 Nibh. Street";"1";"TSR77OZI1NS";"Libby Ramsey";NULL;"sit.amet@google.edu";"2"
"96";"WSK43BFH1NQ";"FLN21HVP4XR";"UNJ74NHT2FE";"5";"FUA34ELC3RJ";"Derek Glenn";"Doris Aguirre";NULL;NULL;NULL;NULL;"Ap #602-7463 Dictum St.";"4";"WGC46LBB5CR";"Colby Carney";NULL;"nec@protonmail.net";"Ap #998-5282 Natoque Street";"4";"ECQ95HXV1MD";"Vielka Richards";NULL;"aliquet.nec.imperdiet@hotmail.org";"2"
"97";"ELF81UHU3AC";"HXD73VHX3VX";"BPV88KWR5LX";"3";"EDC32QFN6SN";"Wing Shelton";"Remedios Colon";NULL;NULL;NULL;NULL;"P.O. Box 947, 8494 Ante Rd.";"3";"KXW87MRT4GO";"Cedric Mccoy";NULL;"placerat.velit@icloud.edu";"842-6385 Sagittis St.";"4";"PYX75PZX5AE";"Branden Rose";NULL;"ullamcorper.velit@outlook.org";"5"
"98";"IYC50TOK9IU";"EIJ35XMJ1CU";"OJZ17CGT4BS";"3";"WUG29PGT2NO";"Quinn Parrish";"Troy Stewart";NULL;NULL;NULL;NULL;"759 Semper, Ave";"4";"UEU53CJT3BY";"Chloe Carpenter";NULL;"ipsum.dolor@outlook.edu";"Ap #884-2751 Nulla Rd.";"5";"IVY80YTB4IN";"Noah Richards";NULL;"pellentesque@icloud.ca";"3"
"99";"DGS44URZ0VO";"AHH22HJV1IR";"IOO96OQX6TT";"2";"BAD86FXO3HT";"Ian Ball";"Lev Pruitt";NULL;NULL;NULL;NULL;"645-5943 Lorem Street";"2";"JXI16JJB5UL";"Elton Cortez";NULL;"vitae.nibh.donec@hotmail.edu";"9565 Velit. St.";"0";"KCS80TCD2VB";"Ifeoma Buckley";NULL;"risus.at.fringilla@google.net";"8"
"100";"XJR19PPU2HV";"JQJ47GTU0WH";"YEH06KPK4FX";"3";"ALY47JDQ5PE";"Willa Mcpherson";"Sylvester Galloway";NULL;NULL;NULL;NULL;"853-5724 Pellentesque. Road";"0";"GEW05DGT5TH";"Colt Stevenson";NULL;"elit.etiam@yahoo.edu";"303-9350 Nascetur Ave";"1";"EDK42QCF5WN";"Jin Curtis";NULL;"purus@protonmail.couk";"2"
"101";"DZP31NWT7GD";"EYL46CNG9YS";"GHC74JMS7AK";"3";"BKD32HZG4MZ";"Deirdre Welch";"Darrel Morton";NULL;NULL;NULL;NULL;"420-4432 Fringilla. Rd.";"2";"XHQ97NMP1MQ";"Leonard Day";NULL;"semper.dui@outlook.ca";"7811 Gravida St.";"4";"UJI31MCG4JW";"Dean Alvarez";NULL;"est@icloud.edu";"7"
"102";"HLT43RCQ5DU";"GUJ45ILT9VY";"DEC29IAA5TV";"0";"TNO41NTY6XO";"Clare Shaffer";"Amber Berry";NULL;NULL;NULL;NULL;"Ap #752-6591 Luctus Ave";"0";"SKH33XYY3OZ";"Regan Decker";NULL;"pharetra@protonmail.org";"Ap #140-6162 Fusce Road";"0";"WJK42TWU2RJ";"Ingrid Bush";NULL;"sit.amet@protonmail.com";"1"
"103";"GSR48SNP8UD";"YSG86VDE1EP";"XJT44UNU3VP";"2";"HNQ94QXH8FG";"Paki Rosario";"Ryder Newton";NULL;NULL;NULL;NULL;"P.O. Box 951, 9380 Erat. St.";"3";"TGC63FTV9GW";"Howard Hoover";NULL;"ipsum.suspendisse.non@icloud.ca";"Ap #550-3735 Malesuada St.";"4";"NJP84PXB4IV";"Hanna Sargent";NULL;"curabitur@protonmail.org";"2"
"104";"FCQ94GIK8JB";"SOW66VXY5KV";"JOY46YRG4UC";"1";"OUW32RJK6JP";"Constance Hardy";"Leilani Mccarty";NULL;NULL;NULL;NULL;"Ap #382-9468 Nisi Rd.";"4";"EVD86TBR1DT";"Yoko Webster";NULL;"ante.bibendum.ullamcorper@hotmail.com";"Ap #689-6640 Tempor Rd.";"5";"LAX91MDI8RR";"Sopoline Sellers";NULL;"lectus.pede@aol.com";"7"
"105";"ORE47WRX8HE";"KFI98AAO8FI";"CQF96FWY6ES";"4";"BVL70KEN9OP";"Geraldine Shepherd";"Martha Tyler";NULL;NULL;NULL;NULL;"393-6423 Sagittis St.";"2";"XFO88HHF7ZO";"Brittany Wade";NULL;"sit@icloud.com";"Ap #781-2408 Quam Rd.";"3";"OSX32UIT4YI";"Amos Ayers";NULL;"sit.amet@protonmail.ca";"7"
"106";"RCS94TMU7GO";"IQW35VSM2MJ";"SWR41AFR7JG";"0";"LLQ76HOT2CG";"Ferdinand Ochoa";"Jonah Sloan";NULL;NULL;NULL;NULL;"Ap #233-4771 Fringilla Road";"2";"THR75QXQ4BX";"Lewis Camacho";NULL;"ut.aliquam.iaculis@aol.org";"569 Fermentum Rd.";"5";"FXC46NMY1MN";"Keegan Hernandez";NULL;"metus.vitae@aol.net";"8"
"107";"PBH47HJV3OQ";"QEN41KVX8WE";"ECD55QEG3CJ";"0";"NPJ35DJJ7WS";"Fuller Hopper";"Baker Shaw";NULL;NULL;NULL;NULL;"Ap #889-7283 Fermentum Ave";"0";"VHP97REX3MB";"Aquila Morrow";NULL;"mus.proin.vel@aol.org";"7184 Elit, St.";"5";"VHD64CHQ4QO";"Nissim Massey";NULL;"augue.ut@icloud.com";"4"
"108";"EYF45PQC6JF";"SVN52NGD6AQ";"XQJ74VSX5KC";"3";"CHB52LFK4HR";"Yael Savage";"Ina Gregory";NULL;NULL;NULL;NULL;"1199 Vulputate, Ave";"1";"MOS02NYD5FV";"Barry Watson";NULL;"ullamcorper.velit@yahoo.edu";"820-6504 Eu Ave";"1";"PFH69SYO3UI";"Tobias Mcfadden";NULL;"aliquam.vulputate@yahoo.com";"9"
"109";"ELZ66EGF9NQ";"KEG11DKR6TD";"VYH68QSV1UK";"1";"NKD36VSD8PU";"Clayton Bolton";"Brandon Arnold";NULL;NULL;NULL;NULL;"421-481 Commodo Road";"2";"FSB58RGM3JC";"Nash Gallagher";NULL;"tortor.dictum.eu@icloud.org";"Ap #329-6802 In St.";"4";"HZM74ULM3XB";"Sarah Vargas";NULL;"penatibus.et@outlook.net";"4"
"110";"QCD91FMP9LY";"PBI69TEH2FB";"THN42CWL4RQ";"4";"TJY82MUF3WP";"Igor Chavez";"Carolyn Campbell";NULL;NULL;NULL;NULL;"7655 Eleifend Rd.";"3";"CQP47AMN1QE";"Basia Alston";NULL;"nibh@protonmail.ca";"P.O. Box 564, 3979 Ullamcorper, Rd.";"1";"OCQ15MCV1FL";"Dexter Sargent";NULL;"rhoncus.nullam@yahoo.com";"9"
"111";"DBL86BXC7DO";"ICH77HXD2SE";"DCF34DDX2RM";"4";"MLS16PYP6HO";"Claire Larson";"Laura Sweeney";NULL;NULL;NULL;NULL;"506-3543 Justo. Av.";"1";"OKK72USD0GB";"Leah Wyatt";NULL;"lobortis.augue@protonmail.net";"Ap #741-3639 Vivamus Road";"1";"FFS41UDD4NO";"Wing Pittman";NULL;"ut.sem@aol.couk";"8"
"112";"VCT84TIR4RD";"TNL27GVV2OS";"YLC00FFV1PQ";"1";"SMK35OOP6RT";"Igor Carver";"Shoshana Ware";NULL;NULL;NULL;NULL;"Ap #543-5884 Sapien. Rd.";"4";"HTY25UUR4XH";"Jackson Livingston";NULL;"arcu@google.ca";"P.O. Box 796, 3811 Eu Ave";"3";"CPL10KHI2QI";"Alea Aguirre";NULL;"sagittis.nullam.vitae@aol.net";"4"
"113";"PUP35GDB6KF";"KIX71XWZ7EQ";"DKN69WEX5KG";"2";"JOA14WYY7FL";"Pandora Burks";"Keaton Cook";NULL;NULL;NULL;NULL;"P.O. Box 132, 2483 Nunc Road";"5";"YCH48CHD6GV";"Wanda Harmon";NULL;"scelerisque.scelerisque@protonmail.com";"892-9616 Proin Rd.";"0";"TNX04QIN0MT";"Madonna Noel";NULL;"nunc@yahoo.com";"6"
"114";"NTJ82CMB1FP";"JEK27ZYM1YV";"YJQ62CSA9RP";"1";"WJF85URR6XK";"Brody Lane";"Leroy Logan";NULL;NULL;NULL;NULL;"541-7182 Est, Ave";"2";"SIK66LYN1XZ";"Steven Hawkins";NULL;"aliquam.enim.nec@outlook.com";"287-5703 Est. Road";"2";"MQT22GTN5LY";"Winifred Roman";NULL;"eu@icloud.couk";"6"
"115";"VAQ32KHL8IU";"LLO43MEX0IG";"XYY13LKD3OI";"1";"LSA31RJS1HQ";"Josephine King";"Macaulay Carr";NULL;NULL;NULL;NULL;"Ap #369-3700 Iaculis, Av.";"4";"EQN05DZT7YU";"Aline Mcguire";NULL;"ac.turpis.egestas@icloud.ca";"Ap #231-294 Ut Road";"5";"VRY86SPE5PI";"Leo Lane";NULL;"lacinia.sed@icloud.edu";"7"
"116";"GAQ72FDO8MG";"APS15DRB1KR";"KXX25UMO2FH";"2";"KCG55YDO7IO";"Josiah Myers";"Colby James";NULL;NULL;NULL;NULL;"6670 Montes, Rd.";"2";"ZTG82DUN6XE";"Sydney Schultz";NULL;"in.consectetuer.ipsum@aol.couk";"P.O. Box 430, 3325 Mi Av.";"4";"WFK98DFF1FO";"Zenaida Wilkins";NULL;"consequat.purus@hotmail.com";"5"
"117";"OLB85UCB7SL";"NTP93PIR3OQ";"VJF25BXM4SM";"1";"SBX84WPT3RM";"Amir Holden";"Timothy Underwood";NULL;NULL;NULL;NULL;"Ap #221-4216 Ornare. St.";"4";"HRM51FPQ7CC";"Robin Byrd";NULL;"augue.ac@google.edu";"Ap #883-4423 In Road";"3";"KMT74ZSJ7YX";"Xander Dudley";NULL;"mollis.duis.sit@yahoo.org";"2"
"118";"FDX98TYK1HD";"XQK27YHM0NP";"GTY95WGY7VW";"2";"KCM06LHO7LF";"Moana Chen";"Benjamin Dunlap";NULL;NULL;NULL;NULL;"Ap #567-4650 Accumsan Avenue";"2";"BUK42BNY9CK";"Genevieve Welch";NULL;"et@hotmail.ca";"8234 Eu St.";"3";"ZKF60MMP4XQ";"Nina Conrad";NULL;"curabitur.egestas@yahoo.edu";"2"
"119";"YIU14MNI3VI";"GTH37EUC1OE";"BUA71UCK5HH";"2";"CQZ31KWD3UM";"Gil Wolfe";"Mufutau Sweeney";NULL;NULL;NULL;NULL;"P.O. Box 677, 3471 Non Rd.";"0";"NQR92TKE1II";"Jin Cooper";NULL;"mauris@yahoo.ca";"Ap #292-153 Aliquet. Rd.";"1";"FKB07YWU9EL";"Cameran Haynes";NULL;"senectus.et@google.ca";"10"
"120";"EBY37WKK5DK";"NRD38TIQ2IM";"MEK68WEL6VX";"0";"QPS37PIW9OS";"Brianna Drake";"Rahim Leblanc";NULL;NULL;NULL;NULL;"Ap #612-9157 A St.";"3";"OHY39DTQ7GC";"Lysandra Baker";NULL;"neque.sed.sem@aol.org";"5327 Ipsum. St.";"1";"WYS63PRY1UO";"Darrel Farmer";NULL;"a.neque@aol.ca";"7"
"121";"VBC37NXQ9YD";"VYF64IBM2XX";"XFH17PYD5VL";"1";"NSV42XBO6XW";"Stacey Schultz";"Lenore Smith";NULL;NULL;NULL;NULL;"461-3977 Nam St.";"2";"WOH74DSL4SV";"Ray Hoover";NULL;"elit.nulla@outlook.com";"P.O. Box 439, 7077 Tincidunt Rd.";"3";"EPV04OCF3LM";"Willa Trevino";NULL;"posuere.at.velit@yahoo.ca";"4"
"122";"YTP91PQK7ET";"XPD77POD2RF";"NQC13SIQ3DV";"0";"VRW08GSR3VY";"Valentine Huff";"Tanner Hines";NULL;NULL;NULL;NULL;"P.O. Box 711, 1596 Ac Av.";"1";"LNE63WQJ0KP";"Kane Bryant";NULL;"hendrerit.a@outlook.org";"216-6660 Sollicitudin Avenue";"3";"CST55EBT5IR";"Geraldine Santiago";NULL;"eros.nec@hotmail.net";"8"
"123";"ZYL79HSG7NN";"HGS53KPL6EJ";"BAL36ATK3LO";"5";"OTU10BRK6OJ";"Benedict Johns";"Alfonso Stevenson";NULL;NULL;NULL;NULL;"P.O. Box 111, 4463 Cras Street";"2";"LVS57MFS3FP";"Evan Hodge";NULL;"felis.adipiscing@icloud.edu";"P.O. Box 611, 5521 Egestas St.";"2";"PLW25JJW2YJ";"Deacon Richards";NULL;"ante.lectus.convallis@aol.couk";"4"
"124";"STY64TSB8WQ";"PAG43LOM4AC";"VQD40MHN7NK";"4";"YKF46QIJ7HH";"Kyle Talley";"Chanda Brennan";NULL;NULL;NULL;NULL;"429-4863 Quis St.";"3";"QKZ77MOS7ID";"Anne Richard";NULL;"ornare@hotmail.com";"Ap #186-9860 Eros. Road";"4";"QCQ32QJK4QC";"Barbara Savage";NULL;"leo.cras.vehicula@protonmail.edu";"5"
"125";"BGZ95RVQ1JE";"NYU02RUR4YW";"VFN71BYA7OX";"3";"FOW77BNI2OV";"Mufutau Lawrence";"Yuli Morrow";NULL;NULL;NULL;NULL;"1214 Pede St.";"2";"PDO38SVF1DP";"Dexter Anthony";NULL;"duis@yahoo.com";"3681 Volutpat. Avenue";"3";"SFO89DCD7KR";"Regina Russell";NULL;"sed@google.ca";"6"
"126";"XRI74BTE3ML";"WIJ78EEO0HL";"HWF54PIH2GI";"2";"OCD95ONP2KV";"May Townsend";"Raphael Trevino";NULL;NULL;NULL;NULL;"P.O. Box 816, 5671 Ac St.";"2";"EJN44JPD4MS";"Kaye Mckinney";NULL;"nec.eleifend@icloud.couk";"165-9618 Tristique Av.";"2";"QOP44YKG8CU";"Colin Wong";NULL;"sem@aol.couk";"4"
"127";"YHH36OHB5KH";"WEB96DHM2JI";"EQT27SYX3BP";"2";"JBU31WWY2UY";"Cheryl Koch";"Galvin Solis";NULL;NULL;NULL;NULL;"891-5252 Per Av.";"1";"SJV00HHR2FI";"Lane Perez";NULL;"natoque.penatibus@protonmail.org";"270-7487 Enim. St.";"5";"TGL18WXP2KZ";"George Patrick";NULL;"enim.commodo@aol.ca";"5"
"128";"IML47IVJ4FS";"RBV75EXJ1JP";"CJM98NKX4IQ";"1";"XOK22RIW7PZ";"Hoyt Raymond";"Nolan Ramos";NULL;NULL;NULL;NULL;"5851 Vestibulum St.";"1";"NHZ17KME7DQ";"Avye Hopkins";NULL;"enim.nec@yahoo.net";"810-9934 Erat Rd.";"2";"TDO16ANY5ED";"Juliet Sanders";NULL;"odio.sagittis@outlook.com";"10"
"129";"EIV29PTD3HN";"QYF61RZS4YB";"DSE75HSY1DL";"3";"OVQ98YNT2YW";"Xaviera Reyes";"Cassandra Murphy";NULL;NULL;NULL;NULL;"753-6566 Ipsum. Street";"3";"EUT76HGW0WF";"Francis Hartman";NULL;"molestie.arcu@aol.ca";"665-6292 Libero St.";"4";"HPU34YXT1ZZ";"Amos O'donnell";NULL;"molestie@aol.com";"1"
"130";"BTP34RJN8SQ";"GJL72WYJ6CP";"GTT53EDN7RM";"3";"ASO86RLM9QW";"Kermit Mcpherson";"Jasper Howell";NULL;NULL;NULL;NULL;"3706 Aliquam Rd.";"3";"YRR28LNL2DZ";"TaShya Blanchard";NULL;"amet.diam.eu@yahoo.edu";"P.O. Box 976, 2326 Ut Rd.";"1";"VSE31NUA1QJ";"Myles Petersen";NULL;"ac.libero@hotmail.com";"9"
"131";"HLF01GKT3UX";"NHT75LTC7UH";"QTB86BUE2VY";"4";"IQK47BBS4JT";"Willow Glass";"Colton Barker";NULL;NULL;NULL;NULL;"Ap #127-4814 Libero Ave";"4";"CPL42BDO0LS";"Pearl Leblanc";NULL;"habitant@outlook.net";"231-1488 Dui. Rd.";"0";"YYD74SRP5RS";"Violet Harmon";NULL;"maecenas.malesuada.fringilla@protonmail.ca";"3"
"132";"NWH52BPP2TP";"VAH97JCI8MI";"DUT15VOY1AQ";"4";"DUU95ULU3FW";"Fleur Avila";"Rhoda Anderson";NULL;NULL;NULL;NULL;"528-9246 Nunc Rd.";"2";"MBV66FJD8XR";"Clarke Justice";NULL;"eget@hotmail.couk";"636-5472 Tellus Rd.";"1";"MZK68NTB7EP";"Alika Bryan";NULL;"cursus.diam.at@google.ca";"3"
"133";"SCR50UNP3EG";"JHC25VLJ8YT";"JDU92ZCW6DA";"4";"KZU96WBV4RN";"Barbara Gallegos";"Orla Peterson";NULL;NULL;NULL;NULL;"596-8336 Phasellus St.";"3";"YZK57BAW6NA";"Shafira Swanson";NULL;"sed.leo@hotmail.net";"Ap #729-674 Vitae Avenue";"5";"FUY84LLB4TY";"Damon Hester";NULL;"egestas.sed.pharetra@hotmail.org";"7"
"134";"DDV77WZL7RB";"YGT12TXQ7QY";"KSD28YHG4WE";"4";"DMC52AQK2IL";"Amery Finch";"Ivy Whitney";NULL;NULL;NULL;NULL;"860-5209 Scelerisque Rd.";"2";"HTV81HCJ4BZ";"Sydney Justice";NULL;"risus@aol.ca";"672-174 Lorem, Ave";"3";"WIP47CXV5IR";"Dora Marquez";NULL;"et.lacinia.vitae@yahoo.com";"10"
"135";"QJJ58RAJ3YH";"VIS47AFZ0FR";"HTW73PIK3UY";"3";"JNY43FNP7BJ";"Walker Knight";"Tasha Olson";NULL;NULL;NULL;NULL;"529-5083 Pede. Avenue";"3";"YXN76NNM4PP";"Amena Sears";NULL;"purus.duis@outlook.org";"3743 Senectus Ave";"3";"AVX28WHT6RI";"Josephine Mcleod";NULL;"neque.et.nunc@yahoo.edu";"2"
"136";"RJE75OFL2BY";"UII16FLH8KL";"QUL54KWB7KV";"5";"YPI70GGE5WT";"Boris Chaney";"Ella Osborne";NULL;NULL;NULL;NULL;"252-2056 Libero. Ave";"1";"QSC55ZYY3YW";"Amelia Patel";NULL;"vitae.aliquet@google.net";"137-7104 Et Av.";"4";"SLD60GID6CA";"Eve Cobb";NULL;"vitae.sodales@protonmail.net";"9"
"137";"BPG76NQT8UK";"VWY17QIS7DS";"IQN73CWV1GE";"4";"UKA97IUY3BZ";"Ciara Pope";"Chaney Garza";NULL;NULL;NULL;NULL;"7705 Mauris Rd.";"1";"WPK54DJM6IK";"Zahir Gutierrez";NULL;"pharetra.nam.ac@aol.ca";"557 Fusce Av.";"3";"OXR88FNC6RB";"Holmes Pickett";NULL;"laoreet.libero@yahoo.com";"4"
"138";"PDM81LHC4RP";"WVC26DEC3WH";"MXR45BAS2WV";"2";"PTT79FQT6CG";"Avye Ratliff";"Aidan Bridges";NULL;NULL;NULL;NULL;"P.O. Box 826, 6923 Amet Ave";"0";"BLS13FQZ2QL";"Moana Bell";NULL;"lobortis.tellus@aol.net";"P.O. Box 106, 4280 Quam Street";"2";"CNP68REY9XM";"Katelyn Powers";NULL;"mauris.integer@google.com";"10"
"139";"NXJ35JMJ3HO";"LBH24QCS6QI";"PNS36WAE3CG";"3";"XIF94FLU5UH";"Herrod Clarke";"Ulla Hendrix";NULL;NULL;NULL;NULL;"Ap #768-512 Nec St.";"5";"ENS92JPF2MW";"Deborah Huber";NULL;"primis.in@google.org";"P.O. Box 391, 7649 Sed, Rd.";"1";"BYQ22YNW5PL";"Colin Daugherty";NULL;"nulla.cras@protonmail.net";"1"
"140";"LVA68BII7EX";"SVU51PIE5TI";"TMS59HYJ4JM";"2";"MQT30MTB4FH";"Bell Moore";"Tanner Casey";NULL;NULL;NULL;NULL;"Ap #105-2352 Luctus Ave";"5";"EQF42OAH7OY";"Silas Clark";NULL;"velit.dui@google.couk";"Ap #527-339 Lacus. Street";"0";"IHK38KLM2NB";"Suki Mosley";NULL;"duis@aol.com";"5"
"141";"NNU59KJM3MG";"NMK33OMD8LH";"GDB17JGM2FT";"1";"XTC40JIY2TL";"Ethan Madden";"Joelle Hendrix";NULL;NULL;NULL;NULL;"Ap #584-5307 Dui Av.";"0";"HUA34CNN0MN";"Amir Cooper";NULL;"ut.mi@yahoo.couk";"Ap #567-1837 Nec, Rd.";"3";"EXR38VVW5WK";"Phoebe Calderon";NULL;"sed.pede@protonmail.com";"4"
"142";"KJB49XCK5HT";"SHG27GMI5LO";"WYP45FFC7WJ";"2";"ROK48XEH7VC";"Jaime Rocha";"Gary Pierce";NULL;NULL;NULL;NULL;"P.O. Box 809, 6420 Ut St.";"3";"NRN41XMB2PN";"Joelle Barrera";NULL;"nec.ante@icloud.net";"7903 Volutpat Rd.";"3";"KHG28NUD3VW";"Addison Zamora";NULL;"eget.ipsum@outlook.org";"2"
"143";"JHV68RCA0KU";"FTR13GCA4HG";"MXX38QMO1TI";"1";"JVB82SLS0CM";"Mark Mejia";"Meredith Mckay";NULL;NULL;NULL;NULL;"P.O. Box 319, 4103 Donec Rd.";"1";"RMY15XLI3YO";"Maite Drake";NULL;"lacus.cras@outlook.net";"Ap #963-6853 Nullam Av.";"4";"BXT23EWP4HG";"Garth Barber";NULL;"nisl.nulla@protonmail.net";"8"
"144";"BKJ31FPV1YS";"JWV75KZY1BI";"WES64EOW3QD";"4";"FGP87KZL6NV";"Omar Barrett";"Armand Morris";NULL;NULL;NULL;NULL;"370-391 Ligula Av.";"2";"BAM33RTC5TE";"Berk Whitaker";NULL;"tincidunt.aliquam@google.edu";"6198 Non, Rd.";"2";"FBN62FRB8VB";"Leonard Wells";NULL;"bibendum.sed@outlook.org";"10"
"145";"GOO77VYD9VT";"LHK73OKQ9HU";"ABV32EDM5TG";"2";"QFC80EMV7OY";"Reagan Roach";"Jesse Hernandez";NULL;NULL;NULL;NULL;"Ap #921-8143 Netus Rd.";"1";"XQD58NRH7PG";"Len Fulton";NULL;"curabitur.consequat@yahoo.net";"6308 Quisque Av.";"2";"ASF80HWR4IQ";"Yoko Moreno";NULL;"sem.consequat@outlook.edu";"5"
"146";"HZD72QGT7RK";"RVW17LEK7HR";"XDL10KET5DY";"5";"ZTM75IRA8XK";"Hollee Hernandez";"Dustin Kinney";NULL;NULL;NULL;NULL;"943-4336 Aptent Av.";"3";"LTQ69DWP0OM";"Ignatius Dennis";NULL;"vivamus@protonmail.edu";"830-1033 Integer Street";"1";"EMG48MJR0JS";"Gareth Brennan";NULL;"tempor.augue@outlook.couk";"9"
"147";"YTZ85UQE7BH";"VGL60MCF5OS";"TSY66LRG9QK";"0";"THN23JDM8NI";"Lael Palmer";"Martha Dillon";NULL;NULL;NULL;NULL;"328 Consequat St.";"3";"KBK71ESN9AS";"Mercedes Mathews";NULL;"mollis.lectus.pede@icloud.net";"Ap #602-9242 Imperdiet St.";"3";"OBW36VZM8BO";"Ira Fletcher";NULL;"et@hotmail.ca";"8"
"148";"FTL61ZOW5FP";"EKR51TQH5MK";"CXH63LQN4TH";"5";"YWS26NDG6PP";"Ginger Cox";"Scarlett Aguilar";NULL;NULL;NULL;NULL;"473-9034 Sit Rd.";"2";"NZB64FJP2US";"Lila Pratt";NULL;"lorem.ipsum@google.couk";"4105 Curabitur Street";"4";"TQW77NOQ7JA";"Logan Davenport";NULL;"nonummy@icloud.ca";"9"
"149";"JKH43CGD9EI";"BKW91JKB3FD";"BMF69SLM1KY";"1";"QMD76MMK1DX";"Uriel Dodson";"Knox Sellers";NULL;NULL;NULL;NULL;"Ap #206-1492 Sed Ave";"1";"VYL55BIZ2EQ";"Hammett Rowland";NULL;"mauris.blandit@aol.com";"493-9706 Lorem, St.";"2";"UBL77MXN2BY";"Regina Pierce";NULL;"donec@icloud.org";"2"
"150";"KZB53EQU7HR";"MZH72WPQ2UM";"NFR68ZKP8PK";"2";"OFN88LZT3CC";"Anthony Callahan";"Seth Yang";NULL;NULL;NULL;NULL;"Ap #710-8438 Luctus. Road";"0";"TCG02SOZ6BW";"Jared Porter";NULL;"mollis.lectus@yahoo.org";"844-7267 Nulla Rd.";"0";"ZHC44REB4DG";"Gemma Haley";NULL;"malesuada.fringilla.est@yahoo.org";"5"
